{"mean": [1.019, 0.98, 0.966, 0.998, 2.071, 1.019, 1.48, 0.515, 0.959, 1.006, 1.017, 0.514, 1.049, 1.001, 0.517], "std": [0.8164796384478916, 0.7984985911070852, 0.7980250622630846, 0.8148594970913697, 1.3906685442620754, 0.8225806951296633, 1.1034491379306977, 0.49977494935220584, 0.8398327214392161, 0.8086804065884124, 0.8334932513224086, 0.4998039615689336, 0.8322253300639197, 0.822799489547727, 0.49971091643068993]}